{"cameraMode":{"drawMode":0,"name":"Shaded","section":"Shading Mode"},"sceneLighting":true,"audioPlay":false,"sceneViewState":{"showFog":true,"showMaterialUpdate":false,"showSkybox":true,"showFlares":true,"showImageEffects":true,"showParticleSystems":true},"in2DMode":false,"pivot":{"x":-1.8866710662841797,"y":0.4426689147949219,"z":-3.6305627822875978},"rotation":{"x":-0.37323543429374697,"y":-0.005291969981044531,"z":0.0021286760456860067,"w":-0.9277204871177673},"size":22.268640518188478,"orthographic":false}